quarter,year,q,aisc_usd_oz
2012Q1,2012,1,934
2012Q2,2012,2,1020
2012Q3,2012,3,1013
2012Q4,2012,4,1053
2013Q1,2013,1,1145
2013Q2,2013,2,1158
2013Q3,2013,3,1046
2013Q4,2013,4,1013
2014Q1,2014,1,987
2014Q2,2014,2,1007
2014Q3,2014,3,987
2014Q4,2014,4,954
2015Q1,2015,1,921
2015Q2,2015,2,914
2015Q3,2015,3,868
2015Q4,2015,4,855
2016Q1,2016,1,836
2016Q2,2016,2,888
2016Q3,2016,3,888
2016Q4,2016,4,875
2017Q1,2017,1,895
2017Q2,2017,2,895
2017Q3,2017,3,914
2017Q4,2017,4,901
2018Q1,2018,1,934
2018Q2,2018,2,941
2018Q3,2018,3,914
2018Q4,2018,4,895
2019Q1,2019,1,928
2019Q2,2019,2,954
2019Q3,2019,3,967
2019Q4,2019,4,954
2020Q1,2020,1,993
2020Q2,2020,2,980
2020Q3,2020,3,980
2020Q4,2020,4,1007
2021Q1,2021,1,1066
2021Q2,2021,2,1092
2021Q3,2021,3,1125
2021Q4,2021,4,1112
2022Q1,2022,1,1217
2022Q2,2022,2,1237
2022Q3,2022,3,1270
2022Q4,2022,4,1270
2023Q1,2023,1,1303
2023Q2,2023,2,1322
2023Q3,2023,3,1322
2023Q4,2023,4,1342
2024Q1,2024,1,1382
2024Q2,2024,2,1395
2024Q3,2024,3,1454
2024Q4,2024,4,1421
2025Q1,2025,1,1539
2025Q2,2025,2,1586
2025Q3,2025,3,1625
2025Q4,2025,4,1697
2026Q1,2026,1,1783