event_id,ticker,layer,t0_date,anchor_shift_days,window_complete,vol_z_t0,gap_days
r1,NVDA,compute,2025-01-27,0,True,6.283808912317706,4.0
r1,AVGO,compute,2025-01-27,0,True,2.397946203399596,4.0
r1,AMD,compute,2025-01-27,0,True,1.8099024119685774,10.0
r1,MRVL,compute,2025-01-27,0,True,2.558295096287894,4.0
r1,TSM,compute,2025-01-27,0,True,6.221174424159368,4.0
r1,2330.TW,compute,2025-02-03,7,True,4.393425838893002,3.0
r1,SMH,compute,2025-01-27,0,True,5.800802680873958,4.0
r1,MU,memory,2025-01-27,0,True,1.9566509737425994,
r1,000660.KS,memory,2025-01-31,4,True,4.7015610018863025,5.0
r1,005930.KS,memory,2025-01-31,4,True,1.9826330053771273,
r1,SNDK,memory,2025-02-13,17,True,,
r1,AMAT,wfe,2025-01-27,0,True,2.0097010344177737,4.0
r1,LRCX,wfe,2025-01-27,0,True,2.0684279345241654,4.0
r1,ASML,wfe,2025-01-27,0,True,4.113474828427975,4.0
r1,VST,power,2025-01-27,0,True,6.141406722493942,4.0
r1,CEG,power,2025-01-27,0,True,4.402504539404762,4.0
r1,VRT,power,2025-01-27,0,True,6.859642007072834,4.0
r1,GEV,power,2025-01-27,0,True,5.560431092555639,4.0
r1,MSFT,model,2025-01-27,0,True,1.59724163410622,7.0
r1,GOOGL,model,2025-01-27,0,True,0.9804698355680999,11.0
r1,ORCL,model,2025-01-27,0,True,3.9095531211280385,0.0
r1,PLTR,model,2025-01-27,0,True,-0.14685596927446998,10.0
r1,9984.T,model,2025-01-27,0,True,1.8060666419140279,2.0
r1,9988.HK,china,2025-01-27,0,True,0.6721125602898261,7.0
r1,3067.HK,china,2025-01-27,0,True,-0.3875708357423034,
r1,0981.HK,china,2025-01-27,0,True,1.0580727322504375,
r1,2513.HK,china,2026-01-08,346,True,,
k2,NVDA,compute,2025-07-11,0,True,-0.3129068751137255,
k2,AVGO,compute,2025-07-11,0,True,-1.118125866776696,
k2,AMD,compute,2025-07-11,0,True,0.27155983833365993,2.0
k2,MRVL,compute,2025-07-11,0,True,-1.051948315736013,13.0
k2,TSM,compute,2025-07-11,0,True,-0.8415755491221062,4.0
k2,2330.TW,compute,2025-07-11,0,True,-0.20540555433872223,7.0
k2,SMH,compute,2025-07-11,0,True,-0.8103086958123703,
k2,MU,memory,2025-07-11,0,True,-0.6831967473599369,
k2,000660.KS,memory,2025-07-11,0,True,0.29682087490774206,4.0
k2,005930.KS,memory,2025-07-11,0,True,0.6346199065483041,4.0
k2,SNDK,memory,2025-07-11,0,True,-0.8012838931529167,
k2,AMAT,wfe,2025-07-11,0,True,-0.8742807714191776,
k2,LRCX,wfe,2025-07-11,0,True,-1.2005979994273634,14.0
k2,ASML,wfe,2025-07-11,0,True,-0.8904019069977201,3.0
k2,VST,power,2025-07-11,0,True,-0.957483525157496,
k2,CEG,power,2025-07-11,0,True,-0.6308302334470451,
k2,VRT,power,2025-07-11,0,True,-0.14403186218763608,12.0
k2,GEV,power,2025-07-11,0,True,-0.6833738416106707,8.0
k2,MSFT,model,2025-07-11,0,True,-0.5504160246701797,14.0
k2,GOOGL,model,2025-07-11,0,True,-0.31141596652730297,
k2,ORCL,model,2025-07-11,0,True,-0.2470249450491662,
k2,PLTR,model,2025-07-11,0,True,-1.1593222493612367,
k2,9984.T,model,2025-07-11,0,True,-0.4384725633832899,
k2,9988.HK,china,2025-07-11,0,True,0.7955547381739602,2.0
k2,3067.HK,china,2025-07-11,0,True,0.057929176224080316,2.0
k2,0981.HK,china,2025-07-11,0,True,0.22935267356033365,10.0
k2,2513.HK,china,2026-01-08,181,True,,
v4_preview,NVDA,compute,2026-04-24,0,True,0.8599731288628337,
v4_preview,AVGO,compute,2026-04-24,0,True,-0.36907488589646953,
v4_preview,AMD,compute,2026-04-24,0,True,2.8411921031593623,1.0
v4_preview,MRVL,compute,2026-04-24,0,True,1.103203677661727,
v4_preview,TSM,compute,2026-04-24,0,True,2.055666185585233,1.0
v4_preview,2330.TW,compute,2026-04-24,0,True,0.7480789917423392,2.0
v4_preview,SMH,compute,2026-04-24,0,True,1.028294836026833,13.0
v4_preview,MU,memory,2026-04-24,0,True,-0.5005906107939462,12.0
v4_preview,000660.KS,memory,2026-04-24,0,True,-1.026417762296641,10.0
v4_preview,005930.KS,memory,2026-04-24,0,True,-0.8794308471862851,
v4_preview,SNDK,memory,2026-04-24,0,True,-1.4496287502854561,
v4_preview,AMAT,wfe,2026-04-24,0,True,-0.3453922121553117,
v4_preview,LRCX,wfe,2026-04-24,0,True,0.5006468656094343,
v4_preview,ASML,wfe,2026-04-24,0,True,0.04302383331812568,
v4_preview,VST,power,2026-04-24,0,True,-0.6006814426551333,9.0
v4_preview,CEG,power,2026-04-24,0,True,0.16981216084391135,12.0
v4_preview,VRT,power,2026-04-24,0,True,-0.2502812523056888,
v4_preview,GEV,power,2026-04-24,0,True,1.2636071874108703,
v4_preview,MSFT,model,2026-04-24,0,True,-0.675242087036417,5.0
v4_preview,GOOGL,model,2026-04-24,0,True,-0.4815082049186685,5.0
v4_preview,ORCL,model,2026-04-24,0,True,0.2207195229566772,
v4_preview,PLTR,model,2026-04-24,0,True,-0.774588212061423,8.0
v4_preview,9984.T,model,2026-04-24,0,True,1.2860456325112521,0.0
v4_preview,9988.HK,china,2026-04-24,0,True,-0.6024801491753983,14.0
v4_preview,3067.HK,china,2026-04-24,0,True,-1.021462073543614,
v4_preview,0981.HK,china,2026-04-24,0,True,4.745790854071188,1.0
v4_preview,2513.HK,china,2026-04-24,0,True,0.22943759769760935,
v4_pricecut,NVDA,compute,2026-06-01,0,True,1.323754174920535,13.0
v4_pricecut,AVGO,compute,2026-06-01,0,True,0.9854537939618304,1.0
v4_pricecut,AMD,compute,2026-06-01,0,True,-0.35219490414594734,
v4_pricecut,MRVL,compute,2026-06-01,0,True,0.40242949503043135,1.0
v4_pricecut,TSM,compute,2026-06-01,0,True,1.1300991415681807,13.0
v4_pricecut,2330.TW,compute,2026-06-01,0,True,-0.05863293421910382,
v4_pricecut,SMH,compute,2026-06-01,0,True,-0.31735204409081386,4.0
v4_pricecut,MU,memory,2026-06-01,0,True,-0.16595349200679338,4.0
v4_pricecut,000660.KS,memory,2026-06-01,0,True,0.47413311472823927,
v4_pricecut,005930.KS,memory,2026-06-01,0,True,1.717533286599471,
v4_pricecut,SNDK,memory,2026-06-01,0,True,-1.5346733457374364,
v4_pricecut,AMAT,wfe,2026-06-01,0,True,-0.04782229888434396,13.0
v4_pricecut,LRCX,wfe,2026-06-01,0,True,-0.5743683357745011,13.0
v4_pricecut,ASML,wfe,2026-06-01,0,True,-1.224822379383138,6.0
v4_pricecut,VST,power,2026-06-01,0,True,-0.1943655446387646,13.0
v4_pricecut,CEG,power,2026-06-01,0,True,5.5135704089494295,0.0
v4_pricecut,VRT,power,2026-06-01,0,True,-0.13782713511745792,
v4_pricecut,GEV,power,2026-06-01,0,True,0.1956516053969309,7.0
v4_pricecut,MSFT,model,2026-06-01,0,True,1.7586854112688926,13.0
v4_pricecut,GOOGL,model,2026-06-01,0,True,0.08445426828913746,1.0
v4_pricecut,ORCL,model,2026-06-01,0,True,1.5498874680020578,8.0
v4_pricecut,PLTR,model,2026-06-01,0,True,0.6365514547480327,
v4_pricecut,9984.T,model,2026-06-01,0,True,1.201369077356733,1.0
v4_pricecut,9988.HK,china,2026-06-01,0,True,-0.6739752458320567,8.0
v4_pricecut,3067.HK,china,2026-06-01,0,True,1.1681785607353212,6.0
v4_pricecut,0981.HK,china,2026-06-01,0,True,0.5815862706185774,
v4_pricecut,2513.HK,china,2026-06-01,0,True,-0.34559451090384025,10.0
glm52,NVDA,compute,2026-06-15,0,True,-0.3852098209027586,3.0
glm52,AVGO,compute,2026-06-15,0,True,0.611596852867447,
glm52,AMD,compute,2026-06-15,0,True,-0.3676106554835805,
glm52,MRVL,compute,2026-06-15,0,True,0.7749039864730574,3.0
glm52,TSM,compute,2026-06-15,0,True,-0.5795151738521537,3.0
glm52,2330.TW,compute,2026-06-15,0,True,-0.7923334315393875,
glm52,SMH,compute,2026-06-15,0,True,-0.11709783773961781,5.0
glm52,MU,memory,2026-06-15,0,True,-0.4489652843244126,7.0
glm52,000660.KS,memory,2026-06-15,0,True,-0.6046992103490463,
glm52,005930.KS,memory,2026-06-15,0,True,-0.8176028939866236,
glm52,SNDK,memory,2026-06-15,0,True,-1.3013212514380268,
glm52,AMAT,wfe,2026-06-15,0,True,1.4786503509157505,3.0
glm52,LRCX,wfe,2026-06-15,0,True,1.1298105893945007,3.0
glm52,ASML,wfe,2026-06-15,0,True,0.8175913692577327,
glm52,VST,power,2026-06-15,0,True,-0.14818949850399424,3.0
glm52,CEG,power,2026-06-15,0,True,0.2187335633444055,3.0
glm52,VRT,power,2026-06-15,0,True,-0.1728048166786973,5.0
glm52,GEV,power,2026-06-15,0,True,0.8396809277915599,
glm52,MSFT,model,2026-06-15,0,True,-0.31961830471036207,3.0
glm52,GOOGL,model,2026-06-15,0,True,-0.22747133814726525,4.0
glm52,ORCL,model,2026-06-15,0,True,-0.5556571690182873,
glm52,PLTR,model,2026-06-15,0,True,-0.16514636047737824,
glm52,9984.T,model,2026-06-15,0,True,-0.028324442701360374,
glm52,9988.HK,china,2026-06-15,0,True,-0.17711724437571513,8.0
glm52,3067.HK,china,2026-06-15,0,True,1.3850631955784072,6.0
glm52,0981.HK,china,2026-06-15,0,True,-0.1469929062355238,
glm52,2513.HK,china,2026-06-15,0,True,3.24114716442395,0.0
k3,NVDA,compute,2026-07-17,0,True,-0.38857307407929204,
k3,AVGO,compute,2026-07-17,0,True,-0.2833802652976486,
k3,AMD,compute,2026-07-17,0,True,-0.27686929042355685,13.0
k3,MRVL,compute,2026-07-17,0,True,-0.36610684078368705,
k3,TSM,compute,2026-07-17,0,True,1.6439924105440575,0.0
k3,2330.TW,compute,2026-07-17,0,True,3.0282856761894945,1.0
k3,SMH,compute,2026-07-17,0,True,2.8329199844909714,1.0
k3,MU,memory,2026-07-17,0,True,0.8156046180759988,
k3,000660.KS,memory,2026-07-20,3,True,0.10741765298921536,8.0
k3,005930.KS,memory,2026-07-20,3,True,-0.4420272129540207,8.0
k3,SNDK,memory,2026-07-17,0,True,1.8250607332554398,7.0
k3,AMAT,wfe,2026-07-17,0,True,0.17389973153339344,
k3,LRCX,wfe,2026-07-17,0,True,0.39141382032507527,10.0
k3,ASML,wfe,2026-07-17,0,True,0.39888923153468653,7.0
k3,VST,power,2026-07-17,0,True,-0.24486942826847868,13.0
k3,CEG,power,2026-07-17,0,True,-0.8179857648522815,
k3,VRT,power,2026-07-17,0,True,-0.04133949666772838,9.0
k3,GEV,power,2026-07-17,0,True,0.45071835889244155,4.0
k3,MSFT,model,2026-07-17,0,True,-0.2973945559027841,10.0
k3,GOOGL,model,2026-07-17,0,True,-0.14337544098989366,5.0
k3,ORCL,model,2026-07-17,0,True,0.7939145026722061,
k3,PLTR,model,2026-07-17,0,True,-0.7438547051807767,12.0
k3,9984.T,model,2026-07-17,0,True,-0.11898633852916116,
k3,9988.HK,china,2026-07-17,0,True,0.6690476177051371,12.0
k3,3067.HK,china,2026-07-17,0,True,0.23450208977171078,
k3,0981.HK,china,2026-07-17,0,True,1.6488363534494481,
k3,2513.HK,china,2026-07-17,0,True,4.314131142425786,1.0
k3_weights,NVDA,compute,2026-07-27,0,False,-0.006971308381251317,
k3_weights,AVGO,compute,2026-07-27,0,False,-0.6474043506989829,
k3_weights,AMD,compute,2026-07-27,0,False,-0.12565487307057074,6.0
k3_weights,MRVL,compute,2026-07-27,0,False,-0.5547689258794937,
k3_weights,TSM,compute,2026-07-27,0,False,0.9505213754486586,
k3_weights,2330.TW,compute,2026-07-27,0,False,-0.6943891670991973,
k3_weights,SMH,compute,2026-07-27,0,False,5.022169439810128,0.0
k3_weights,MU,memory,2026-07-27,0,False,-0.3761596224524814,
k3_weights,000660.KS,memory,2026-07-27,0,False,-0.9690809864015313,2.0
k3_weights,005930.KS,memory,2026-07-27,0,False,-0.8209785504650414,2.0
k3_weights,SNDK,memory,2026-07-27,0,False,2.1143504138952127,0.0
k3_weights,AMAT,wfe,2026-07-27,0,False,-0.4015518311567609,
k3_weights,LRCX,wfe,2026-07-27,0,False,0.7705816143635312,3.0
k3_weights,ASML,wfe,2026-07-27,0,False,2.104710739708261,0.0
k3_weights,VST,power,2026-07-27,0,False,-0.16643887331669122,6.0
k3_weights,CEG,power,2026-07-27,0,False,-0.36148228748722017,
k3_weights,VRT,power,2026-07-27,0,False,-0.31588646055321623,2.0
k3_weights,GEV,power,2026-07-27,0,False,0.8115270726456559,
k3_weights,MSFT,model,2026-07-27,0,False,-0.5050076804688,3.0
k3_weights,GOOGL,model,2026-07-27,0,False,-0.29691113932888613,
k3_weights,ORCL,model,2026-07-27,0,False,0.5165397319679281,
k3_weights,PLTR,model,2026-07-27,0,False,-0.3426573164341273,5.0
k3_weights,9984.T,model,2026-07-27,0,False,-0.7960758501557783,
k3_weights,9988.HK,china,2026-07-27,0,False,-1.0480665934415994,5.0
k3_weights,3067.HK,china,2026-07-27,0,False,-0.29450662906428676,
k3_weights,0981.HK,china,2026-07-27,0,False,-1.0756192566341105,
k3_weights,2513.HK,china,2026-07-27,0,False,0.22726858470207706,4.0
v4_flash,NVDA,compute,2026-07-31,0,False,-0.4079642961556196,
v4_flash,AVGO,compute,2026-07-31,0,False,-0.5174344336463731,
v4_flash,AMD,compute,2026-07-31,0,False,-0.5565740341080694,2.0
v4_flash,MRVL,compute,2026-07-31,0,False,-0.43488813393349324,
v4_flash,TSM,compute,2026-07-31,0,False,-0.5979866473505173,
v4_flash,2330.TW,compute,2026-07-31,0,False,1.7960435093948257,
v4_flash,SMH,compute,2026-07-31,0,False,0.4449993494152644,
v4_flash,MU,memory,2026-07-31,0,False,0.07015782645062614,
v4_flash,000660.KS,memory,2026-07-31,0,False,2.160908145922395,0.0
v4_flash,005930.KS,memory,2026-07-31,0,False,2.3810577332663216,0.0
v4_flash,SNDK,memory,2026-07-31,0,False,1.709111686267793,
v4_flash,AMAT,wfe,2026-07-31,0,False,-0.6361976320374741,
v4_flash,LRCX,wfe,2026-07-31,0,False,0.18771897834351284,
v4_flash,ASML,wfe,2026-07-31,0,False,-0.6459290349980429,
v4_flash,VST,power,2026-07-31,0,False,-0.2758857728393332,2.0
v4_flash,CEG,power,2026-07-31,0,False,-1.107337604437662,
v4_flash,VRT,power,2026-07-31,0,False,1.2435125058613004,
v4_flash,GEV,power,2026-07-31,0,False,-0.5992987321170795,
v4_flash,MSFT,model,2026-07-31,0,False,0.8373958713197549,
v4_flash,GOOGL,model,2026-07-31,0,False,0.924527943509023,
v4_flash,ORCL,model,2026-07-31,0,False,0.27547106724155734,
v4_flash,PLTR,model,2026-07-31,0,False,-0.8620115630592912,1.0
v4_flash,9984.T,model,2026-07-31,0,False,-0.47256606480921126,
v4_flash,9988.HK,china,2026-07-31,0,False,1.0403202344907174,1.0
v4_flash,3067.HK,china,2026-07-31,0,False,-0.667335400650841,
v4_flash,0981.HK,china,2026-07-31,0,False,0.0061742262465327765,
v4_flash,2513.HK,china,2026-07-31,0,False,2.3162085616522137,0.0
