event_id,layer,mean,std,count
glm52,china,0.08437397562398774,0.13341883914440086,4
glm52,compute,0.019683167470149865,0.02748900322884822,6
glm52,memory,0.02709445896524132,0.03375523733885904,4
glm52,model,0.014266415468107141,0.02299749738545608,5
glm52,power,0.003939205656128708,0.004417347552021247,4
glm52,wfe,0.004460847248102991,0.0216978616002706,3
k2,china,0.011211546365022565,0.007672129210944762,3
k2,compute,0.003375223395603477,0.008591575487907187,6
k2,memory,0.004904508464037671,0.01991873658597394,4
k2,model,-0.0013948893302790921,0.01352608808133344,5
k2,power,0.014701362501328141,0.012464616904118151,4
k2,wfe,0.004220773250218339,0.004021315457905009,3
k3,china,-0.11212562695400896,0.14018773155305664,4
k3,compute,-0.0002721221894751065,0.011346159713248804,6
k3,memory,-0.0028664402554330337,0.015606199476873672,4
k3,model,-0.006163154724416841,0.03070753286688531,5
k3,power,0.021698612079404933,0.016866485796053075,4
k3,wfe,-0.019066255509686474,0.020106900351603355,3
r1,china,-0.021244799821467986,0.057131872355088965,3
r1,compute,-0.1122047860879638,0.06787640631986025,6
r1,memory,-0.06931337544822085,0.04546661587472832,3
r1,model,-0.043649343825318175,0.052775408257681004,5
r1,power,-0.26130112888062373,0.061734227789358435,4
r1,wfe,-0.03006104400186042,0.007647240124989595,3
v4_preview,china,0.002337003445673891,0.07783454005345347,4
v4_preview,compute,0.024144639665922323,0.04814708910593943,6
v4_preview,memory,0.006914953584765016,0.026631607550010563,4
v4_preview,model,-0.006673802324393918,0.01801671611226953,5
v4_preview,power,0.011108331375595748,0.03311551066151192,4
v4_preview,wfe,0.012646918821722863,0.003658410368583086,3
v4_pricecut,china,-0.02804145254249757,0.04778202672707076,4
v4_pricecut,compute,0.02385452256282224,0.03356060233397283,6
v4_pricecut,memory,0.03185071839385678,0.03892755713326625,4
v4_pricecut,model,0.046128174851613045,0.057104393663287546,5
v4_pricecut,power,-0.0332213716369576,0.04287855670876457,4
v4_pricecut,wfe,0.002110257927713022,0.010695611508331298,3
