event_id,ticker,layer,day1_excess,max_dd,no_drawdown,trough_offset,days_to_reclaim,half_life,window_complete,vol_z_t0,gap_days,anchor_shift_days
r1,NVDA,compute,-0.156399310342497,-0.1789288888744034,False,5,,4.0,True,6.283808912317706,4.0,0
r1,AVGO,compute,-0.16157519978870294,-0.16157519978870294,False,0,,7.0,True,2.397946203399596,4.0,0
r1,AMD,compute,-0.0363168113701704,-0.1355972808010213,False,20,,,True,1.8099024119685774,10.0,0
r1,MRVL,compute,-0.1824312420494678,-0.25656407758534616,False,20,,,True,2.558295096287894,4.0,0
r1,TSM,compute,-0.11348135068896337,-0.12786616660638828,False,19,,,True,6.221174424159368,4.0,0
r1,2330.TW,compute,-0.023024802287981316,-0.08636331040040535,False,20,,,True,4.393425838893002,3.0,7
r1,SMH,compute,-0.0739758920422684,-0.0739758920422684,False,0,,16.0,True,5.800802680873958,4.0,0
r1,MU,memory,-0.09495775668773643,-0.14152339215228515,False,1,15.0,13.0,True,1.9566509737425994,,0
r1,000660.KS,memory,-0.0961646954146449,-0.14205629959168942,False,20,,,True,4.7015610018863025,5.0,4
r1,005930.KS,memory,-0.0168176742422812,-0.01838279168608903,False,1,2.0,1.0,True,1.9826330053771273,,4
r1,AMAT,wfe,-0.03789810851708175,-0.11464836965425285,False,14,,,True,2.0097010344177737,4.0,0
r1,LRCX,wfe,-0.02261893453245989,-0.05221027568355652,False,1,3.0,2.0,True,2.0684279345241654,4.0,0
r1,ASML,wfe,-0.029666088956039616,-0.05423991414582208,False,1,3.0,1.0,True,4.113474828427975,4.0,0
r1,VST,power,-0.30273764088935273,-0.30273764088935273,False,0,,3.0,True,6.141406722493942,4.0,0
r1,CEG,power,-0.20427426468856957,-0.24219011517507827,False,20,,,True,4.402504539404762,4.0,0
r1,VRT,power,-0.3254113444138804,-0.4561170001112531,False,19,,,True,6.859642007072834,4.0,0
r1,GEV,power,-0.2127812655306922,-0.26736347067361077,False,19,,,True,5.560431092555639,4.0,0
r1,MSFT,model,0.00792112228719688,-0.09959819280444915,False,14,,,True,1.59724163410622,7.0,0
r1,GOOGL,model,-0.013314839816959356,-0.10390533445779848,False,15,,,True,0.9804698355680999,11.0,0
r1,ORCL,model,-0.1188471354784646,-0.1188471354784646,False,0,,9.0,True,3.9095531211280385,0.0,0
r1,PLTR,model,-0.016310272963033334,-0.016310272963033334,False,0,1.0,1.0,True,-0.14685596927446998,10.0,0
r1,9984.T,model,-0.07769559315533048,-0.1435402153253218,False,20,,,True,1.8060666419140279,2.0,0
r1,9988.HK,china,0.022535924442894206,0.0,True,0,0.0,,True,0.6721125602898261,7.0,0
r1,3067.HK,china,-0.00039774303340900374,-0.00039774303340900374,False,0,1.0,1.0,True,-0.3875708357423034,,0
r1,0981.HK,china,-0.08587258087388916,-0.09116491065027121,False,1,2.0,1.0,True,1.0580727322504375,,0
k2,NVDA,compute,0.007237394533165187,-0.0015502996147116477,False,1,2.0,1.0,True,-0.3129068751137255,,0
k2,AVGO,compute,-0.0014574587264526428,-0.0014574587264526428,False,0,2.0,1.0,True,-1.118125866776696,,0
k2,AMD,compute,0.01780835410895687,0.0,True,1,1.0,,True,0.27155983833365993,2.0,0
k2,MRVL,compute,-0.005828692997133622,-0.037302713985769564,False,3,5.0,2.0,True,-1.051948315736013,13.0,0
k2,TSM,compute,0.005034608207399316,-0.014162042885161874,False,18,19.0,1.0,True,-0.8415755491221062,4.0,0
k2,2330.TW,compute,-0.0025428647523142445,-0.014821199220847348,False,17,18.0,1.0,True,-0.20540555433872223,7.0,0
k2,SMH,compute,0.002148634647668679,-0.02427998049358937,False,18,,1.0,True,-0.8103086958123703,,0
k2,MU,memory,0.013721306617982876,-0.1574310460929329,False,15,,5.0,True,-0.6831967473599369,,0
k2,000660.KS,memory,-0.006106750175121078,-0.154981092280142,False,20,,,True,0.29682087490774206,4.0,0
k2,005930.KS,memory,0.02823770761546207,0.0,True,1,1.0,,True,0.6346199065483041,4.0,0
k2,SNDK,memory,-0.016234230202173183,-0.16762438979407346,False,19,,,True,-0.8012838931529167,,0
k2,AMAT,wfe,0.0017479479844091372,-0.12699368039920422,False,18,,,True,-0.8742807714191776,,0
k2,LRCX,wfe,0.00886083530919013,-0.08058789541218037,False,14,,6.0,True,-1.2005979994273634,14.0,0
k2,ASML,wfe,0.002053536457055749,-0.1677504136800252,False,18,,,True,-0.8904019069977201,3.0,0
k2,VST,power,0.0063309365325308065,-0.08435217301780984,False,4,8.0,1.0,True,-0.957483525157496,,0
k2,CEG,power,0.02719305593029908,-0.029189694665745947,False,4,5.0,1.0,True,-0.6308302334470451,,0
k2,VRT,power,0.023399473245798497,0.0,True,0,0.0,,True,-0.14403186218763608,12.0,0
k2,GEV,power,0.0018819842966841804,0.0,True,0,0.0,,True,-0.6833738416106707,8.0,0
k2,MSFT,model,0.005915446431097315,-0.0062227927493303525,False,8,9.0,1.0,True,-0.5504160246701797,14.0,0
k2,GOOGL,model,0.016618445491737965,0.0,True,0,0.0,,True,-0.31141596652730297,,0
k2,ORCL,model,-0.01682141894170197,-0.026008936242876146,False,1,3.0,1.0,True,-0.2470249450491662,,0
k2,PLTR,model,-0.0005579399943220764,-0.0005579399943220764,False,0,1.0,1.0,True,-1.1593222493612367,,0
k2,9984.T,model,-0.012128979638206694,-0.04100093694582796,False,1,5.0,3.0,True,-0.4384725633832899,,0
k2,9988.HK,china,0.013626214576722973,0.0,True,0,0.0,,True,0.7955547381739602,2.0,0
k2,3067.HK,china,0.002622572895183861,0.0,True,0,0.0,,True,0.057929176224080316,2.0,0
k2,0981.HK,china,0.017385851623160864,-0.010201202766718875,False,3,4.0,1.0,True,0.22935267356033365,10.0,0
v4_preview,NVDA,compute,0.023372692693873987,-0.061156407583876415,False,7,11.0,1.0,True,0.8599731288628337,,0
v4_preview,AVGO,compute,-0.012254040645433228,-0.11058186831821715,False,20,,,True,-0.36907488589646953,,0
v4_preview,AMD,compute,0.111316374357747,0.0,True,2,2.0,,True,2.8411921031593623,1.0,0
v4_preview,MRVL,compute,-0.026525655840825557,-0.09876826589663157,False,9,18.0,4.0,True,1.103203677661727,,0
v4_preview,TSM,compute,0.03150194807856188,-0.04890482036342991,False,13,,1.0,True,2.055666185585233,1.0,0
v4_preview,2330.TW,compute,0.017456519351609856,-0.04115992920600142,False,20,,,True,0.7480789917423392,2.0,0
v4_preview,SMH,compute,0.03082612916058025,0.0,True,2,2.0,,True,1.028294836026833,13.0,0
v4_preview,MU,memory,0.01171657099836132,0.0,True,0,0.0,,True,-0.5005906107939462,12.0,0
v4_preview,000660.KS,memory,-0.002424161134779723,-0.002424161134779723,False,0,1.0,1.0,True,-1.026417762296641,10.0,0
v4_preview,005930.KS,memory,-0.022495616944191,-0.03680274791992488,False,4,6.0,2.0,True,-0.8794308471862851,,0
v4_preview,SNDK,memory,0.040863021419669465,0.0,True,0,0.0,,True,-1.4496287502854561,,0
v4_preview,AMAT,wfe,0.013043154445681715,-0.07170526201076122,False,5,11.0,2.0,True,-0.3453922121553117,,0
v4_preview,LRCX,wfe,0.01609108249566482,-0.05414062263694497,False,3,7.0,4.0,True,0.5006468656094343,,0
v4_preview,ASML,wfe,0.008806519523822054,-0.05276373731930306,False,6,8.0,1.0,True,0.04302383331812568,,0
v4_preview,VST,power,0.027761539867390717,-0.22627477203485657,False,17,,3.0,True,-0.6006814426551333,9.0,0
v4_preview,CEG,power,0.04956088529031266,-0.18978092419290782,False,16,,4.0,True,0.16981216084391135,12.0,0
v4_preview,VRT,power,-0.013646304102097773,-0.10961474447617903,False,18,,,True,-0.2502812523056888,,0
v4_preview,GEV,power,-0.019242795553222614,-0.20746829356137475,False,16,,,True,1.2636071874108703,,0
v4_preview,MSFT,model,0.0021636762220822447,-0.11840099759155454,False,13,,,True,-0.675242087036417,5.0,0
v4_preview,GOOGL,model,-0.0028187361731584204,-0.0028187361731584204,False,0,1.0,1.0,True,-0.4815082049186685,5.0,0
v4_preview,ORCL,model,-0.03611168062403536,-0.11299409950609096,False,4,7.0,2.0,True,0.2207195229566772,,0
v4_preview,PLTR,model,-0.008267426164539238,-0.1775976832567414,False,13,,,True,-0.774588212061423,8.0,0
v4_preview,9984.T,model,0.01166515511768118,-0.1581773117731604,False,14,16.0,1.0,True,1.2860456325112521,0.0,0
v4_preview,9988.HK,china,0.00825593071024322,-0.02895938317300839,False,4,5.0,1.0,True,-0.6024801491753983,14.0,0
v4_preview,3067.HK,china,0.005374209254942475,0.0,True,3,3.0,,True,-1.021462073543614,,0
v4_preview,0981.HK,china,0.09296488413890636,0.0,True,0,0.0,,True,4.745790854071188,1.0,0
v4_preview,2513.HK,china,-0.09724701032139649,-0.241632963769967,False,2,12.0,3.0,True,0.22943759769760935,,0
v4_pricecut,NVDA,compute,0.054748153895320506,-0.060147411353075775,False,19,,,True,1.323754174920535,13.0,0
v4_pricecut,AVGO,compute,0.023135035511444357,-0.1647379527210706,False,20,,,True,0.9854537939618304,1.0,0
v4_pricecut,AMD,compute,-0.017617199051967347,-0.0693952003914049,False,7,9.0,1.0,True,-0.35219490414594734,,0
v4_pricecut,MRVL,compute,0.062040975558985245,0.0,True,0,0.0,,True,0.40242949503043135,1.0,0
v4_pricecut,TSM,compute,0.034253546343205876,0.0,True,11,11.0,,True,1.1300991415681807,13.0,0
v4_pricecut,2330.TW,compute,-0.013433376880055192,-0.020822725709541245,False,6,14.0,1.0,True,-0.05863293421910382,,0
v4_pricecut,SMH,compute,0.008735305518020375,-0.003971472878345317,False,4,5.0,1.0,True,-0.31735204409081386,4.0,0
v4_pricecut,MU,memory,0.058330934804519785,-0.07066126322684063,False,4,5.0,1.0,True,-0.16595349200679338,4.0,0
v4_pricecut,000660.KS,memory,-0.023396992508994074,-0.08166645353734481,False,3,11.0,2.0,True,0.47413311472823927,,0
v4_pricecut,005930.KS,memory,0.05999615743732001,0.0,True,15,15.0,,True,1.717533286599471,,0
v4_pricecut,SNDK,memory,0.032472773842581404,-0.03734024825619375,False,4,6.0,1.0,True,-1.5346733457374364,,0
v4_pricecut,AMAT,wfe,0.011877115834863616,0.0,True,0,0.0,,True,-0.04782229888434396,13.0,0
v4_pricecut,LRCX,wfe,-0.00931935086629565,-0.00931935086629565,False,0,1.0,1.0,True,-0.5743683357745011,13.0,0
v4_pricecut,ASML,wfe,0.0037730088145710994,0.0,True,0,0.0,,True,-1.224822379383138,6.0,0
v4_pricecut,VST,power,-0.04071709987121519,-0.08311263206030528,False,7,11.0,4.0,True,-0.1943655446387646,13.0,0
v4_pricecut,CEG,power,-0.08570645193540205,-0.14568056175288646,False,20,,,True,5.5135704089494295,0.0,0
v4_pricecut,VRT,power,0.018052753926030896,-0.05420191638232463,False,7,12.0,2.0,True,-0.13782713511745792,,0
v4_pricecut,GEV,power,-0.024514688667244044,-0.04808124329571317,False,7,10.0,2.0,True,0.1956516053969309,7.0,0
v4_pricecut,MSFT,model,0.0165932037418397,-0.21473976887311075,False,17,,,True,1.7586854112688926,13.0,0
v4_pricecut,GOOGL,model,-0.016475169080223395,-0.08406066612938634,False,14,,,True,0.08445426828913746,1.0,0
v4_pricecut,ORCL,model,0.08849004251006054,-0.4307024035077003,False,20,,,True,1.5498874680020578,8.0,0
v4_pricecut,PLTR,model,0.019934216110629066,-0.3489078692831775,False,17,,,True,0.6365514547480327,,0
v4_pricecut,9984.T,model,0.12209858097575932,-0.28600045955800013,False,20,,,True,1.201369077356733,1.0,0
v4_pricecut,9988.HK,china,0.007060738849363979,-0.1945831601278849,False,18,,,True,-0.6739752458320567,8.0,0
v4_pricecut,3067.HK,china,0.008876052609085416,-0.027814243519574067,False,18,20.0,1.0,True,1.1681785607353212,6.0,0
v4_pricecut,0981.HK,china,-0.03523392877749032,-0.1114268551597073,False,9,14.0,1.0,True,0.5815862706185774,,0
v4_pricecut,2513.HK,china,-0.09286867285094935,-0.3887545318223218,False,7,12.0,3.0,True,-0.34559451090384025,10.0,0
glm52,NVDA,compute,0.003839810807027888,-0.05598034020013909,False,9,15.0,5.0,True,-0.3852098209027586,3.0,0
glm52,AVGO,compute,-0.0003357179992420356,-0.04557713687750109,False,12,15.0,2.0,True,0.611596852867447,,0
glm52,AMD,compute,0.036509134199127935,-0.020143698016425127,False,1,2.0,1.0,True,-0.3676106554835805,,0
glm52,MRVL,compute,0.06830486066840802,-0.3004285591350895,False,20,,,True,0.7749039864730574,3.0,0
glm52,TSM,compute,0.009452699683923704,-0.007270260225316072,False,1,2.0,1.0,True,-0.5795151738521537,3.0,0
glm52,2330.TW,compute,0.00032821746165367927,-0.012105313031418596,False,7,8.0,1.0,True,-0.7923334315393875,,0
glm52,SMH,compute,0.011915358738621151,-0.04857955976802053,False,14,,2.0,True,-0.11709783773961781,5.0,0
glm52,MU,memory,0.07196265527615608,-0.07799632869045503,False,20,,,True,-0.4489652843244126,7.0,0
glm52,000660.KS,memory,0.01152506164667777,0.0,True,0,0.0,,True,-0.6046992103490463,,0
glm52,005930.KS,memory,-0.006705360358616019,-0.05886540034218157,False,20,,,True,-0.8176028939866236,,0
glm52,SNDK,memory,0.03159547929674744,-0.19990750119808798,False,20,,,True,-1.3013212514380268,,0
glm52,AMAT,wfe,0.0012137684938542392,-0.0100159959921573,False,1,2.0,1.0,True,1.4786503509157505,3.0,0
glm52,LRCX,wfe,0.027599254918974303,-0.10129329584818247,False,14,,2.0,True,1.1298105893945007,3.0,0
glm52,ASML,wfe,-0.015430481668519569,-0.0643539166955085,False,18,,2.0,True,0.8175913692577327,,0
glm52,VST,power,0.005553007912178387,0.0,True,0,0.0,,True,-0.14818949850399424,3.0,0
glm52,CEG,power,0.0023601508640664903,-0.07683449271477549,False,11,18.0,2.0,True,0.2187335633444055,3.0,0
glm52,VRT,power,-0.0012473315833849696,-0.022389493722269727,False,1,2.0,1.0,True,-0.1728048166786973,5.0,0
glm52,GEV,power,0.009090995431654925,0.0,True,0,0.0,,True,0.8396809277915599,,0
glm52,MSFT,model,-0.00810841103144977,-0.09625454379573295,False,7,12.0,1.0,True,-0.31961830471036207,3.0,0
glm52,GOOGL,model,-0.004400456727625013,-0.052060134312641004,False,4,12.0,5.0,True,-0.22747133814726525,4.0,0
glm52,ORCL,model,0.014250695755570142,-0.35941599085183373,False,19,,,True,-0.5556571690182873,,0
glm52,PLTR,model,0.020241800047520186,-0.17080163796070824,False,7,12.0,4.0,True,-0.16514636047737824,,0
glm52,9984.T,model,0.04934844929652016,-0.1479609065482297,False,16,,3.0,True,-0.028324442701360374,,0
glm52,9988.HK,china,-0.013227428998343171,-0.12164697109858125,False,8,16.0,7.0,True,-0.17711724437571513,8.0,0
glm52,3067.HK,china,0.009520502071580506,-0.011175375792194409,False,8,9.0,1.0,True,1.3850631955784072,6.0,0
glm52,0981.HK,china,0.06242946657859516,0.0,True,1,1.0,,True,-0.1469929062355238,,0
glm52,2513.HK,china,0.27877336284411847,0.0,True,0,0.0,,True,3.24114716442395,0.0,0
k3,NVDA,compute,-0.007236024329441371,-0.029214172072068223,False,9,11.0,1.0,True,-0.38857307407929204,,0
k3,AVGO,compute,0.005429058971749612,0.0,True,0,0.0,,True,-0.2833802652976486,,0
k3,AMD,compute,0.004749293953656419,-0.08905225173788978,False,8,9.0,1.0,True,-0.27686929042355685,13.0,0
k3,MRVL,compute,0.01715964163698569,-0.0771626435340993,False,8,9.0,1.0,True,-0.36610684078368705,,0
k3,TSM,compute,-0.012997905044845659,-0.024804450722194282,False,8,9.0,1.0,True,1.6439924105440575,0.0,0
k3,2330.TW,compute,-0.00873679832495533,-0.034904028718377944,False,20,,,True,3.0282856761894945,1.0,0
k3,SMH,compute,-0.00687499249336998,-0.05605445021273958,False,8,15.0,1.0,True,2.8329199844909714,1.0,0
k3,MU,memory,0.010149979145578136,-0.07902341669313007,False,8,9.0,1.0,True,0.8156046180759988,,0
k3,000660.KS,memory,0.0023773492518497363,-0.18448325942865296,False,16,,,True,0.10741765298921536,8.0,3
k3,005930.KS,memory,0.0015500096351406256,-0.023732465882245535,False,15,16.0,1.0,True,-0.4420272129540207,8.0,3
k3,SNDK,memory,-0.025543099054300633,-0.2639175842372419,False,8,19.0,1.0,True,1.8250607332554398,7.0,0
k3,AMAT,wfe,-0.0422171930336086,-0.18624959508301409,False,8,,1.0,True,0.17389973153339344,,0
k3,LRCX,wfe,-0.0090116452460407,-0.17582677791436652,False,8,19.0,1.0,True,0.39141382032507527,10.0,0
k3,ASML,wfe,-0.005969928249410117,-0.07628330412221196,False,13,,4.0,True,0.39888923153468653,7.0,0
k3,VST,power,0.03384554939549567,-0.10563062233458709,False,15,,,True,-0.24486942826847868,13.0,0
k3,CEG,power,0.017603214603430395,0.0,True,0,0.0,,True,-0.8179857648522815,,0
k3,VRT,power,-0.0004476023133976881,-0.22457309584031826,False,9,,2.0,True,-0.04133949666772838,9.0,0
k3,GEV,power,0.03579328663209136,-0.07595620535920578,False,8,,1.0,True,0.45071835889244155,4.0,0
k3,MSFT,model,-0.0031731433689143884,-0.02988822661219448,False,4,6.0,2.0,True,-0.2973945559027841,10.0,0
k3,GOOGL,model,-0.006790102318595892,-0.08951733901919212,False,4,8.0,3.0,True,-0.14337544098989366,5.0,0
k3,ORCL,model,0.032700621201385616,-0.04589236306364697,False,5,7.0,1.0,True,0.7939145026722061,,0
k3,PLTR,model,-0.00029773553200129754,-0.0754140639719525,False,3,6.0,3.0,True,-0.7438547051807767,12.0,0
k3,9984.T,model,-0.053255413603958246,-0.17716964434157845,False,8,12.0,1.0,True,-0.11898633852916116,,0
k3,9988.HK,china,-0.019467743156282857,-0.07804163892674598,False,9,11.0,1.0,True,0.6690476177051371,12.0,0
k3,3067.HK,china,-0.024678460126031254,-0.03984644261935966,False,5,,8.0,True,0.23450208977171078,,0
k3,0981.HK,china,-0.08705561931301453,-0.22903445443107362,False,11,,9.0,True,1.6488363534494481,,0
k3,2513.HK,china,-0.3173006852207072,-0.6188981288994269,False,9,,6.0,True,4.314131142425786,1.0,0
k3_weights,NVDA,compute,-0.0481437355975336,-0.05774659716695574,False,3,7.0,2.0,False,-0.006971308381251317,,0
k3_weights,AVGO,compute,0.006486543817305623,-0.10199499503756204,False,17,,,False,-0.6474043506989829,,0
k3_weights,AMD,compute,-0.05002654763330039,-0.1613738963105522,False,2,,1.0,False,-0.12565487307057074,6.0,0
k3_weights,MRVL,compute,-0.023308428269579906,-0.13940535514983932,False,2,6.0,1.0,False,-0.5547689258794937,,0
k3_weights,TSM,compute,-0.007677975814610605,-0.04047124757523868,False,2,3.0,1.0,False,0.9505213754486586,,0
k3_weights,2330.TW,compute,0.00047310498442953985,-0.029242435479453377,False,14,,,False,-0.6943891670991973,,0
k3_weights,SMH,compute,-0.01969262087096535,-0.07361034864900606,False,2,,4.0,False,5.022169439810128,0.0,0
k3_weights,MU,memory,-0.01970028322136219,-0.18667133664713376,False,2,15.0,1.0,False,-0.3761596224524814,,0
k3_weights,000660.KS,memory,0.022203383303743607,-0.15761768319756442,False,11,,,False,-0.9690809864015313,2.0,0
k3_weights,005930.KS,memory,0.008187920707026564,-0.021168731761999737,False,10,11.0,1.0,False,-0.8209785504650414,2.0,0
k3_weights,SNDK,memory,-0.11368661277556136,-0.31304981591674697,False,2,14.0,1.0,False,2.1143504138952127,0.0,0
k3_weights,AMAT,wfe,-0.03368185441017957,-0.17249011946735582,False,2,,1.0,False,-0.4015518311567609,,0
k3_weights,LRCX,wfe,-0.04249429183068809,-0.15674649767882531,False,2,12.0,1.0,False,0.7705816143635312,3.0,0
k3_weights,ASML,wfe,-0.05661236976836381,-0.09183290099114316,False,7,15.0,4.0,False,2.104710739708261,0.0,0
k3_weights,VST,power,-0.036235062853928746,-0.2053876444839151,False,9,,,False,-0.16643887331669122,6.0,0
k3_weights,CEG,power,-0.012894313096294852,-0.09300008871983678,False,8,,3.0,False,-0.36148228748722017,,0
k3_weights,VRT,power,-0.006462333318895119,-0.2429769422303112,False,3,,4.0,False,-0.31588646055321623,2.0,0
k3_weights,GEV,power,-0.014989663743955717,-0.08625519550205141,False,2,,1.0,False,0.8115270726456559,,0
k3_weights,MSFT,model,0.02228990552425625,0.0,True,0,0.0,,False,-0.5050076804688,3.0,0
k3_weights,GOOGL,model,0.02419405817043696,0.0,True,15,15.0,,False,-0.29691113932888613,,0
k3_weights,ORCL,model,0.0449014268560779,0.0,True,0,0.0,,False,0.5165397319679281,,0
k3_weights,PLTR,model,0.07078973241330733,-0.004389478946447589,False,3,6.0,2.0,False,-0.3426573164341273,5.0,0
k3_weights,9984.T,model,-0.03615039750648741,-0.13052747297420986,False,3,7.0,1.0,False,-0.7960758501557783,,0
k3_weights,9988.HK,china,-0.0006750656951872713,-0.019018912324667347,False,3,4.0,1.0,False,-1.0480665934415994,5.0,0
k3_weights,3067.HK,china,0.00553476616982973,-0.006633171311010599,False,16,,,False,-0.29450662906428676,,0
k3_weights,0981.HK,china,-0.019584093023864213,-0.17829637573056534,False,5,15.0,2.0,False,-1.0756192566341105,,0
k3_weights,2513.HK,china,0.025227028289141806,-0.3964392362786251,False,3,13.0,5.0,False,0.22726858470207706,4.0,0
v4_flash,NVDA,compute,0.02238122128709108,0.0,True,0,0.0,,False,-0.4079642961556196,,0
v4_flash,AVGO,compute,-0.0027684983290052756,-0.11837097263321361,False,13,,,False,-0.5174344336463731,,0
v4_flash,AMD,compute,-0.025694304101525844,-0.08918788680907586,False,13,,,False,-0.5565740341080694,2.0,0
v4_flash,MRVL,compute,0.016500109480233505,0.0,True,0,0.0,,False,-0.43488813393349324,,0
v4_flash,TSM,compute,-0.00414649272876666,-0.026576154971399646,False,13,,,False,-0.5979866473505173,,0
v4_flash,2330.TW,compute,0.018333468532581776,-0.05465818894545027,False,10,,,False,1.7960435093948257,,0
v4_flash,SMH,compute,-0.0034543765707573115,-0.011781106584486167,False,1,2.0,1.0,False,0.4449993494152644,,0
v4_flash,MU,memory,-0.06731702132761885,-0.07689265106735377,False,1,9.0,1.0,False,0.07015782645062614,,0
v4_flash,000660.KS,memory,0.0972509816265621,-0.051108575409198664,False,7,11.0,2.0,False,2.160908145922395,0.0,0
v4_flash,005930.KS,memory,0.07276818826030151,-0.013519226373356119,False,6,7.0,1.0,False,2.3810577332663216,0.0,0
v4_flash,SNDK,memory,-0.05869918402094676,-0.11053465625782177,False,5,9.0,3.0,False,1.709111686267793,,0
v4_flash,AMAT,wfe,0.005215330938378671,-0.06285364372033442,False,13,,,False,-0.6361976320374741,,0
v4_flash,LRCX,wfe,-0.022387123242002538,-0.03438160551575198,False,1,2.0,1.0,False,0.18771897834351284,,0
v4_flash,ASML,wfe,-0.020155769709734983,-0.03210826623804852,False,3,7.0,1.0,False,-0.6459290349980429,,0
v4_flash,VST,power,-0.00937192942790066,-0.11169581990503641,False,5,,,False,-0.2758857728393332,2.0,0
v4_flash,CEG,power,-0.009552496963540769,-0.05387066381192884,False,4,7.0,3.0,False,-1.107337604437662,,0
v4_flash,VRT,power,0.05353457786361382,0.0,True,0,0.0,,False,1.2435125058613004,,0
v4_flash,GEV,power,0.001952385449583538,-0.049032382335696845,False,13,,,False,-0.5992987321170795,,0
v4_flash,MSFT,model,0.023271518136536606,-0.002740681264953082,False,11,12.0,1.0,False,0.8373958713197549,,0
v4_flash,GOOGL,model,0.05869882481136468,-0.035047504912150806,False,11,,1.0,False,0.924527943509023,,0
v4_flash,ORCL,model,0.011472589291879665,0.0,True,0,0.0,,False,0.27547106724155734,,0
v4_flash,PLTR,model,4.757916991682265e-05,0.0,True,0,0.0,,False,-0.8620115630592912,1.0,0
v4_flash,9984.T,model,0.08977367951360726,0.0,True,8,8.0,,False,-0.47256606480921126,,0
v4_flash,9988.HK,china,0.044474824724426654,0.0,True,0,0.0,,False,1.0403202344907174,1.0,0
v4_flash,3067.HK,china,0.0039312519783223365,-0.010091082975888455,False,12,,,False,-0.667335400650841,,0
v4_flash,0981.HK,china,0.018973220506787847,-0.0025833036888105454,False,1,2.0,1.0,False,0.0061742262465327765,,0
v4_flash,2513.HK,china,0.13493370405583427,0.0,True,1,1.0,,False,2.3162085616522137,0.0,0
