record_date,security_class_desc,total_mil_amt
2019-11-30,Bills,2515128.0788
2019-11-30,Notes,9830428.8083
2019-11-30,Federal Financing Bank,8809.198
2019-11-30,Floating Rate Notes,422784.986
2019-11-30,Bonds,2363058.42575
2019-11-30,Treasury Inflation-Protected Securities,1487535.77520249
2019-12-31,Federal Financing Bank,8809.198
2019-12-31,Bills,2416864.223
2019-12-31,Notes,9929230.59729999
2019-12-31,Bonds,2379057.23485
2019-12-31,Treasury Inflation-Protected Securities,1507364.83395303
2019-12-31,Floating Rate Notes,440810.0596
2020-01-31,Bills,2404290.7659
2020-01-31,Notes,9998735.9517
2020-01-31,Bonds,2395568.84385
2020-01-31,Treasury Inflation-Protected Securities,1499570.85149162
2020-01-31,Floating Rate Notes,413026.4851
2020-01-31,Federal Financing Bank,8809.198
2020-02-29,Treasury Inflation-Protected Securities,1506289.4103473
2020-02-29,Floating Rate Notes,431026.4553
2020-02-29,Federal Financing Bank,8809.198
2020-02-29,Bills,2564583.1002
2020-02-29,Notes,9994275.0288
2020-02-29,Bonds,2413542.04825
2020-03-31,Bonds,2429557.18935
2020-03-31,Treasury Inflation-Protected Securities,1525477.04264613
2020-03-31,Floating Rate Notes,449026.5384
2020-03-31,Federal Financing Bank,8809.198
2020-03-31,Bills,2657439.3487
2020-03-31,Notes,10092497.4356
2020-04-30,Federal Financing Bank,8809.198
2020-04-30,Bills,4001773.206
2020-04-30,Notes,10163726.6956
2020-04-30,Bonds,2446613.12005
2020-04-30,Treasury Inflation-Protected Securities,1492914.53851766
2020-04-30,Floating Rate Notes,421767.2826
2020-05-31,Federal Financing Bank,8809.198
2020-05-31,Bills,4629918.641
2020-05-31,Notes,10176713.1857
2020-05-31,Bonds,2472665.68055
2020-05-31,Treasury Inflation-Protected Securities,1502165.69344172
2020-05-31,Floating Rate Notes,441767.0408
2020-06-30,Treasury Inflation-Protected Securities,1509484.45754844
2020-06-30,Floating Rate Notes,461766.9522
2020-06-30,Federal Financing Bank,7261.857
2020-06-30,Bills,5079626.0736
2020-06-30,Notes,10314464.9741
2020-06-30,Bonds,2533360.64365
2020-07-31,Bills,5078940.9177
2020-07-31,Notes,10427628.8625
2020-07-31,Bonds,2572959.32675
2020-07-31,Treasury Inflation-Protected Securities,1486749.37440834
2020-07-31,Floating Rate Notes,434323.6064
2020-07-31,Federal Financing Bank,7261.857
2020-08-31,Bills,5076721.4434
2020-08-31,Notes,10524031.8627
2020-08-31,Bonds,2624535.39575
2020-08-31,Treasury Inflation-Protected Securities,1501871.97970456
2020-08-31,Floating Rate Notes,456323.8322
2020-08-31,Federal Financing Bank,7261.857
2020-09-30,Bills,5028907.6508
2020-09-30,Notes,10663763.6561
2020-09-30,Bonds,2673492.79245
2020-09-30,Treasury Inflation-Protected Securities,1523190.5911681
2020-09-30,Floating Rate Notes,478323.8991
2020-09-30,Federal Financing Bank,7261.857
2020-10-31,Bills,4985339.5272
2020-10-31,Notes,10729201.6322
2020-10-31,Bonds,2697136.165
2020-10-31,Treasury Inflation-Protected Securities,1544963.87765202
2020-10-31,Floating Rate Notes,478323.8991
2020-10-31,Federal Financing Bank,7261.857
2020-11-30,Bills,4943663.5075
2020-11-30,Notes,10919135.8752
2020-11-30,Bonds,2786619.2894
2020-11-30,Treasury Inflation-Protected Securities,1561226.88555724
2020-11-30,Floating Rate Notes,474502.2636
2020-11-30,Federal Financing Bank,7261.857
2020-12-31,Treasury Inflation-Protected Securities,1579270.102496
2020-12-31,Floating Rate Notes,498502.3684
2020-12-31,Federal Financing Bank,7261.857
2020-12-31,Bills,4964139.8545
2020-12-31,Notes,11091924.1943
2020-12-31,Bonds,2839292.9035
2021-01-31,Bills,4954950.1575
2021-01-31,Notes,11172761.7718
2021-01-31,Bonds,2865705.4896
2021-01-31,Treasury Inflation-Protected Securities,1549783.82525708
2021-01-31,Floating Rate Notes,498502.3684
2021-01-31,Federal Financing Bank,7261.857
2021-02-28,Bills,4859032.8506
2021-02-28,Notes,11312275.9404
2021-02-28,Bonds,2919668.38995
2021-02-28,Treasury Inflation-Protected Securities,1559988.58986745
2021-02-28,Floating Rate Notes,500292.2496
2021-02-28,Federal Financing Bank,7261.857
2021-03-31,Bills,4669038.5121
2021-03-31,Notes,11597217.0102
2021-03-31,Bonds,3006314.52555
2021-03-31,Treasury Inflation-Protected Securities,1581975.76651095
2021-03-31,Floating Rate Notes,526292.2902
2021-03-31,Federal Financing Bank,7261.857
2021-04-30,Bills,4540050.4092
2021-04-30,Notes,11783304.1551
2021-04-30,Bonds,3062582.24235
2021-04-30,Treasury Inflation-Protected Securities,1562186.11527728
2021-04-30,Floating Rate Notes,501469.1566
2021-04-30,Federal Financing Bank,7261.857
2021-05-31,Bills,4377077.6849
2021-05-31,Notes,11830354.9449
2021-05-31,Bonds,3093839.08715
2021-05-31,Treasury Inflation-Protected Securities,1585324.21864364
2021-05-31,Floating Rate Notes,527469.295
2021-05-31,Federal Financing Bank,7261.857
2021-06-30,Bills,4275091.9676
2021-06-30,Notes,12106351.5556
2021-06-30,Bonds,3179928.58705
2021-06-30,Treasury Inflation-Protected Securities,1618130.39749713
2021-06-30,Floating Rate Notes,553469.6407
2021-06-30,Federal Financing Bank,6053.039
2021-07-31,Bills,4142126.6849
2021-07-31,Notes,12185025.8327
2021-07-31,Bonds,3207879.53015
2021-07-31,Treasury Inflation-Protected Securities,1603987.1061484
2021-07-31,Floating Rate Notes,553469.6407
2021-07-31,Federal Financing Bank,6053.039
2021-08-31,Bills,4038112.7478
2021-08-31,Notes,12411912.9732
2021-08-31,Bonds,3294109.64765
2021-08-31,Treasury Inflation-Protected Securities,1628632.98426125
2021-08-31,Floating Rate Notes,553366.3884
2021-08-31,Federal Financing Bank,6053.039
2021-09-30,Bills,3714118.5683
2021-09-30,Notes,12578941.0997
2021-09-30,Bonds,3347555.48905
2021-09-30,Treasury Inflation-Protected Securities,1652667.59326057
2021-09-30,Floating Rate Notes,579366.423
2021-09-30,Federal Financing Bank,6053.039
2021-10-31,Bills,3852105.9434
2021-10-31,Notes,12646164.4239
2021-10-31,Bonds,3373360.36695
2021-10-31,Treasury Inflation-Protected Securities,1675031.8836785
2021-10-31,Floating Rate Notes,579366.423
2021-10-31,Federal Financing Bank,6053.039
2021-11-30,Notes,12854561.257
2021-11-30,Bonds,3433525.32765
2021-11-30,Treasury Inflation-Protected Securities,1695272.2213532
2021-11-30,Floating Rate Notes,576098.7904
2021-11-30,Federal Financing Bank,6053.039
2021-11-30,Bills,3786096.3274
2021-12-31,Bills,3770065.5681
2021-12-31,Notes,13000506.5035
2021-12-31,Bonds,3481511.35525
2021-12-31,Treasury Inflation-Protected Securities,1728595.26146469
2021-12-31,Floating Rate Notes,603359.8342
2021-12-31,Federal Financing Bank,6053.039
2022-01-31,Bills,3961051.3703
2022-01-31,Notes,13141550.8918
2022-01-31,Bonds,3530029.43345
2022-01-31,Treasury Inflation-Protected Securities,1705031.25367344
2022-01-31,Floating Rate Notes,575182.3034
2022-01-31,Federal Financing Bank,6053.039
2022-02-28,Bills,4055001.6865
2022-02-28,Notes,13227624.8696
2022-02-28,Bonds,3589195.61345
2022-02-28,Treasury Inflation-Protected Securities,1720904.49827752
2022-02-28,Floating Rate Notes,597182.465
2022-02-28,Federal Financing Bank,6053.039
2022-03-31,Bills,3928960.8736
2022-03-31,Notes,13348463.4502
2022-03-31,Bonds,3631506.43125
2022-03-31,Treasury Inflation-Protected Securities,1751945.38686723
2022-03-31,Floating Rate Notes,619182.9233
2022-03-31,Federal Financing Bank,6053.039
2022-04-30,Bills,3827928.1023
2022-04-30,Notes,13409539.3332
2022-04-30,Bonds,3656277.27435
2022-04-30,Treasury Inflation-Protected Securities,1735638.84765309
2022-04-30,Floating Rate Notes,619182.9233
2022-04-30,Federal Financing Bank,6053.039
2022-05-31,Bills,3672923.3171
2022-05-31,Notes,13516330.681
2022-05-31,Bonds,3731432.15505
2022-05-31,Treasury Inflation-Protected Securities,1775819.68560237
2022-05-31,Floating Rate Notes,604596.4391
2022-05-31,Federal Financing Bank,6053.039
2022-06-30,Bills,3523925.3166
2022-06-30,Notes,13583597.3176
2022-06-30,Bonds,3766619.82165
2022-06-30,Treasury Inflation-Protected Securities,1805995.83292125
2022-06-30,Floating Rate Notes,626596.8033
2022-06-30,Federal Financing Bank,4847.008
2022-07-31,Bills,3514936.0012
2022-07-31,Notes,13630963.2107
2022-07-31,Bonds,3788041.43245
2022-07-31,Treasury Inflation-Protected Securities,1789336.48459629
2022-07-31,Floating Rate Notes,626621.8033
2022-07-31,Federal Financing Bank,4847.008
2022-08-31,Bills,3724979.382
2022-08-31,Notes,13672145.8143
2022-08-31,Bonds,3844352.77325
2022-08-31,Treasury Inflation-Protected Securities,1824656.1797283
2022-08-31,Floating Rate Notes,603977.2267
2022-08-31,Federal Financing Bank,4847.008
2022-09-30,Bills,3644620.2004
2022-09-30,Notes,13703795.3525
2022-09-30,Bonds,3874352.14345
2022-09-30,Treasury Inflation-Protected Securities,1840532.06033947
2022-09-30,Floating Rate Notes,625977.1773
2022-09-30,Federal Financing Bank,4847.008
2022-10-31,Bills,3665978.4493
2022-10-31,Notes,13734209.0577
2022-10-31,Bonds,3904340.27515
2022-10-31,Treasury Inflation-Protected Securities,1860885.87893899
2022-10-31,Floating Rate Notes,573224.8228
2022-10-31,Federal Financing Bank,4847.008
2022-11-30,Bills,3811905.1514
2022-11-30,Notes,13717937.3537
2022-11-30,Bonds,3941889.45065
2022-11-30,Treasury Inflation-Protected Securities,1881707.18178662
2022-11-30,Floating Rate Notes,595214.1582
2022-11-30,Federal Financing Bank,4847.008
2022-12-31,Bills,3697386.1438
2022-12-31,Notes,13751916.8697
2022-12-31,Bonds,3959873.60605
2022-12-31,Treasury Inflation-Protected Securities,1908071.99402553
2022-12-31,Floating Rate Notes,617204.1917
2022-12-31,Federal Financing Bank,4847.008
2023-01-31,Bills,3938873.4478
2023-01-31,Notes,13753790.5674
2023-01-31,Bonds,4001861.70805
2023-01-31,Treasury Inflation-Protected Securities,1870818.37540239
2023-01-31,Floating Rate Notes,557418.1945
2023-01-31,Federal Financing Bank,4847.008
2023-02-28,Bills,4057778.624
2023-02-28,Notes,13730524.3871
2023-02-28,Bonds,4033694.11415
2023-02-28,Treasury Inflation-Protected Securities,1876312.4822051
2023-02-28,Floating Rate Notes,579408.2858
2023-02-28,Federal Financing Bank,4847.008
2023-03-31,Bills,4068832.8519
2023-03-31,Notes,13737852.8711
2023-03-31,Bonds,4063693.6588
2023-03-31,Treasury Inflation-Protected Securities,1905607.79890871
2023-03-31,Floating Rate Notes,601407.1949
2023-03-31,Federal Financing Bank,4847.008
2023-04-30,Bills,3942645.4053
2023-04-30,Notes,13774295.519
2023-04-30,Bonds,4082825.0224
2023-04-30,Treasury Inflation-Protected Securities,1879775.84508247
2023-04-30,Floating Rate Notes,601406.8949
2023-04-30,Federal Financing Bank,4847.008
2023-05-31,Bills,3993421.184
2023-05-31,Notes,13718277.4073
2023-05-31,Bonds,4140503.5304
2023-05-31,Treasury Inflation-Protected Securities,1904897.23501899
2023-05-31,Floating Rate Notes,564359.6943
2023-05-31,Federal Financing Bank,6722.137
2023-06-30,Bills,4466697.7316
2023-06-30,Notes,13723968.5165
2023-06-30,Bonds,4170502.2054
2023-06-30,Treasury Inflation-Protected Securities,1933629.25024197
2023-06-30,Floating Rate Notes,586359.7624
2023-06-30,Federal Financing Bank,5492.206
2023-07-31,Bills,4770514.5957
2023-07-31,Notes,13732106.4332
2023-07-31,Bonds,4200350.8121
2023-07-31,Treasury Inflation-Protected Securities,1901965.12705857
2023-07-31,Floating Rate Notes,527566.6634
2023-07-31,Federal Financing Bank,5492.206
2023-08-31,Bills,5073922.4119
2023-08-31,Notes,13702547.2695
2023-08-31,Bonds,4226927.2683
2023-08-31,Treasury Inflation-Protected Securities,1917117.90536134
2023-08-31,Floating Rate Notes,551555.9597
2023-08-31,Federal Financing Bank,5492.206
2023-09-30,Bills,5260406.9244
2023-09-30,Notes,13729486.2761
2023-09-30,Bonds,4246926.2789
2023-09-30,Treasury Inflation-Protected Securities,1935814.80458101
2023-09-30,Floating Rate Notes,575556.1608
2023-09-30,Federal Financing Bank,5492.206
2023-10-31,Bills,5456998.4133
2023-10-31,Notes,13762307.1879
2023-10-31,Bonds,4292925.4729
2023-10-31,Treasury Inflation-Protected Securities,1966291.28045936
2023-10-31,Floating Rate Notes,519452.3749
2023-10-31,Federal Financing Bank,5492.206
2023-11-30,Bills,5671149.2182
2023-11-30,Notes,13729610.5661
2023-11-30,Bonds,4333565.4224
2023-11-30,Treasury Inflation-Protected Securities,1986656.11196305
2023-11-30,Floating Rate Notes,545452.4346
2023-11-30,Federal Financing Bank,5492.206
2023-12-31,Bills,5675781.0635
2023-12-31,Notes,13758204.841
2023-12-31,Bonds,4354552.9642
2023-12-31,Treasury Inflation-Protected Securities,2006224.10422602
2023-12-31,Floating Rate Notes,571452.618
2023-12-31,Federal Financing Bank,5492.206
2024-01-31,Bills,5780243.7895
2024-01-31,Notes,13831182.6937
2024-01-31,Bonds,4401548.0275
2024-01-31,Treasury Inflation-Protected Securities,1966305.04439499
2024-01-31,Floating Rate Notes,525565.7939
2024-01-31,Federal Financing Bank,5492.206
2024-02-29,Bills,6011236.3775
2024-02-29,Notes,13829792.0693
2024-02-29,Bonds,4445076.9741
2024-02-29,Treasury Inflation-Protected Securities,1973686.85187236
2024-02-29,Floating Rate Notes,553565.6081
2024-02-29,Federal Financing Bank,5492.206
2024-03-31,Bills,6062865.3366
2024-03-31,Notes,13863195.0028
2024-03-31,Bonds,4467056.3456
2024-03-31,Treasury Inflation-Protected Securities,1999333.4030269
2024-03-31,Floating Rate Notes,553565.6081
2024-03-31,Federal Financing Bank,5492.206
2024-04-30,Bills,5866762.4481
2024-04-30,Notes,13994853.4997
2024-04-30,Bonds,4515268.1728
2024-04-30,Treasury Inflation-Protected Securities,1995638.81432017
2024-04-30,Floating Rate Notes,540349.4249
2024-04-30,Federal Financing Bank,5492.206
2024-05-31,Bills,5866780.3757
2024-05-31,Notes,14013772.2025
2024-05-31,Bonds,4560357.9355
2024-05-31,Treasury Inflation-Protected Securities,2025751.59943381
2024-05-31,Floating Rate Notes,570011.8652
2024-05-31,Federal Financing Bank,5492.206
2024-06-30,Bills,5765830.0899
2024-06-30,Notes,14046707.3817
2024-06-30,Bonds,4581064.9061
2024-06-30,Treasury Inflation-Protected Securities,2053866.28733401
2024-06-30,Floating Rate Notes,598011.418
2024-06-30,Federal Financing Bank,4514.1241
2024-07-31,Bills,5915782.1837
2024-07-31,Notes,14226985.2226
2024-07-31,Bonds,4631803.5488
2024-07-31,Treasury Inflation-Protected Securities,2023712.63271607
2024-07-31,Floating Rate Notes,559579.3834
2024-07-31,Federal Financing Bank,4514.1241
2024-08-31,Bills,6121801.8453
2024-08-31,Notes,14192205.4659
2024-08-31,Bonds,4657558.2077
2024-08-31,Treasury Inflation-Protected Securities,2032197.52993104
2024-08-31,Floating Rate Notes,587578.3708
2024-08-31,Federal Financing Bank,4514.1241
2024-09-30,Treasury Inflation-Protected Securities,2051742.89076141
2024-09-30,Bills,6004760.6777
2024-09-30,Notes,14343433.8238
2024-09-30,Bonds,4708307.828
2024-09-30,Floating Rate Notes,615578.116
2024-09-30,Federal Financing Bank,4514.1241
2024-10-31,Bills,6186777.7925
2024-10-31,Notes,14443632.6176
2024-10-31,Bonds,4743828.2596
2024-10-31,Treasury Inflation-Protected Securities,2033908.2920246
2024-10-31,Floating Rate Notes,578109.9211
2024-10-31,Federal Financing Bank,4514.1241
2024-11-30,Bills,6389763.232
2024-11-30,Notes,14409501.9226
2024-11-30,Bonds,4759296.1254
2024-11-30,Treasury Inflation-Protected Securities,2053874.52451167
2024-11-30,Floating Rate Notes,606109.7427
2024-11-30,Federal Financing Bank,4514.1241
2024-12-31,Bills,6186882.0707
2024-12-31,Notes,14565431.0631
2024-12-31,Bonds,4811667.7061
2024-12-31,Treasury Inflation-Protected Securities,2078065.72117458
2024-12-31,Floating Rate Notes,634107.9724
2024-12-31,Federal Financing Bank,4514.1241
2025-01-31,Bills,6379924.9602
2025-01-31,Notes,14691030.3768
2025-01-31,Bonds,4850208.2672
2025-01-31,Treasury Inflation-Protected Securities,1995389.58415207
2025-01-31,Floating Rate Notes,597785.7588
2025-01-31,Federal Financing Bank,4514.1241
2025-02-28,Bills,6367951.7093
2025-02-28,Notes,14736013.5853
2025-02-28,Bonds,4886175.8747
2025-02-28,Treasury Inflation-Protected Securities,2005288.48556551
2025-02-28,Floating Rate Notes,628607.368
2025-02-28,Federal Financing Bank,4514.1241
2025-03-31,Bills,6155950.4395
2025-03-31,Notes,14813886.5171
2025-03-31,Bonds,4919912.8173
2025-03-31,Treasury Inflation-Protected Securities,2036180.70123004
2025-03-31,Floating Rate Notes,656605.8719
2025-03-31,Federal Financing Bank,4514.1241
2025-04-30,Bills,6060018.6605
2025-04-30,Notes,14907753.1978
2025-04-30,Bonds,4957464.5207
2025-04-30,Treasury Inflation-Protected Securities,2027647.81301112
2025-04-30,Floating Rate Notes,618359.8221
2025-04-30,Federal Financing Bank,4514.1241
2025-05-31,Bills,6003024.2416
2025-05-31,Notes,14897646.6432
2025-05-31,Bonds,4987268.9904
2025-05-31,Treasury Inflation-Protected Securities,2049667.61424379
2025-05-31,Floating Rate Notes,646349.6801
2025-05-31,Federal Financing Bank,4514.1241
2025-06-30,Bills,5784061.0518
2025-06-30,Notes,15073596.7044
2025-06-30,Bonds,5040146.4794
2025-06-30,Treasury Inflation-Protected Securities,2081041.52868874
2025-06-30,Floating Rate Notes,674349.5412
2025-06-30,Federal Financing Bank,4092.6753
2025-07-31,Bills,5995910.2789
2025-07-31,Notes,15206990.3684
2025-07-31,Bonds,5076632.5811
2025-07-31,Treasury Inflation-Protected Securities,2051825.04328797
2025-07-31,Floating Rate Notes,634513.5914
2025-07-31,Federal Financing Bank,4092.6753
2025-08-31,Bills,6369006.639
2025-08-31,Notes,15211301.9838
2025-08-31,Bonds,5094927.924
2025-08-31,Treasury Inflation-Protected Securities,2065002.26017429
2025-08-31,Floating Rate Notes,662513.5691
2025-08-31,Federal Financing Bank,4092.6753
2025-09-30,Bills,6397045.0501
2025-09-30,Notes,15392478.8812
2025-09-30,Bonds,5142560.5762
2025-09-30,Treasury Inflation-Protected Securities,2088024.44534558
2025-09-30,Floating Rate Notes,690511.6904
2025-09-30,Federal Financing Bank,4092.6753
2025-10-31,Bills,6593194.1855
2025-10-31,Notes,15505681.5835
2025-10-31,Bonds,5172699.2598
2025-10-31,Treasury Inflation-Protected Securities,2078662.32425947
2025-10-31,Floating Rate Notes,644233.8327
2025-10-31,Federal Financing Bank,4092.6753
2025-11-30,Bills,6723293.4315
2025-11-30,Notes,15497852.4891
2025-11-30,Bonds,5198797.6404
2025-11-30,Treasury Inflation-Protected Securities,2101718.74278206
2025-11-30,Floating Rate Notes,672233.7657
2025-11-30,Federal Financing Bank,4092.6753
2025-12-31,Bills,6547260.1224
2025-12-31,Notes,15636873.5906
2025-12-31,Bonds,5249001.4798
2025-12-31,Treasury Inflation-Protected Securities,2133881.76884172
2025-12-31,Floating Rate Notes,700233.4843
2025-12-31,Federal Financing Bank,4092.6753
2026-01-31,Bills,6595659.6707
2026-01-31,Notes,15719111.7584
2026-01-31,Bonds,5271405.0137
2026-01-31,Treasury Inflation-Protected Securities,2055021.57803035
2026-01-31,Floating Rate Notes,700232.6443
2026-01-31,Federal Financing Bank,4092.6753
2026-02-28,Bills,6808105.8252
2026-02-28,Notes,15767155.1195
2026-02-28,Bonds,5298564.1847
2026-02-28,Treasury Inflation-Protected Securities,2062155.49799229
2026-02-28,Floating Rate Notes,676346.1759
2026-02-28,Federal Financing Bank,4092.6753
2026-03-31,Bills,6819563.1112
2026-03-31,Notes,15879393.8119
2026-03-31,Bonds,5348623.8583
2026-03-31,Treasury Inflation-Protected Securities,2090275.61333811
2026-03-31,Floating Rate Notes,704341.0021
2026-03-31,Federal Financing Bank,4092.6753
2026-04-30,Bills,6621986.4025
2026-04-30,Notes,15937917.6745
2026-04-30,Bonds,5383160.7773
2026-04-30,Treasury Inflation-Protected Securities,2079725.68665115
2026-04-30,Floating Rate Notes,650320.9842
2026-04-30,Federal Financing Bank,4092.6753
2026-05-31,Bills,6758778.5857
2026-05-31,Notes,15942721.4171
2026-05-31,Bonds,5412096.5247
2026-05-31,Treasury Inflation-Protected Securities,2118028.27552178
2026-05-31,Floating Rate Notes,678316.5054
2026-05-31,Federal Financing Bank,4092.6753
2026-06-30,Bills,6690688.6431
2026-06-30,Notes,16060855.8302
2026-06-30,Bonds,5459454.6399
2026-06-30,Treasury Inflation-Protected Securities,2164939.04533828
2026-06-30,Floating Rate Notes,706302.1231
2026-06-30,Federal Financing Bank,3590.9655
2026-07-31,Bills,6988890.9629
2026-07-31,Notes,16171712.2023
2026-07-31,Bonds,5488717.203
2026-07-31,Treasury Inflation-Protected Securities,2150190.98064321
2026-07-31,Floating Rate Notes,651976.0048
2026-07-31,Federal Financing Bank,3590.9655
2026-08-31,Bills,7248070.0207
2026-08-31,Notes,16218420.9377
2026-08-31,Bonds,5525284.0943
2026-08-31,Treasury Inflation-Protected Securities,2152659.84411264
2026-08-31,Floating Rate Notes,679975.6013
2026-08-31,Federal Financing Bank,3590.9655
